publisher,theme
News Direct,presse
Dig Media,tech
NewsBank,presse
People Support Transcription & Captioning,services
PR.com,relationspubliques
Equities.com,finance
SPH Media,generaliste
TheNewswire.ca,presse
OTC PR Wire,finance
Targeted News Service,presse
Metropolis Business Media,business
TT News Agency Sweden,presse
Allied Media,generaliste
MJH Life Sciences,sante
National Journal Group,politique
Itar-Tass,presse
NetworkNewsWire,presse
USA Today,generaliste
DVV Media Group,transport
dpa Deutsche Presse-Agentur GmbH,presse
M-Brain Oy,business
Gale Group,information
Trend News Agency,presse
Hearst,generaliste
Russell Publishing,generaliste
Sightline Media Group,defense
Inter Press Service,international
Independent Newspapers,generaliste
NewMediaWire,presse
Canjex Publishing Ltd,finance
City AM,finance
Aii Data Processing Ltd,data
Kabar,presse
Public Technologies,presse
Pedia Content Solutions,education
UKRINFORM,presse
Media-OutReach,relationspubliques
EFE News Service,presse
Interfax America,presse
PR Newswire,relationspubliques
EIN News,presse
Information Solutions,information
Zacks Investment Research,finance
Publishers Weekly,edition
New Straits Times,generaliste
All Africa Global Media,afrique
dpa-AFX,finance
CryptoQuant,crypto
BBC Monitoring,international
Yonhap News Agency,presse
Pressat,relationspubliques
San Francisco Chronicle,generaliste
PR Web,relationspubliques
Kyodo News,presse
Accesswire,relationspubliques
Newsfile Corp,relationspubliques
Uloop,etudiant
Mondaq,juridique
Kyiv Independent,presse
Ritzau Denmark,presse
Economist Intelligence Unit,economie
"Advance Publications, Inc.",generaliste
Elsevier CBNB,sante
24-7 Press Release,relationspubliques
STT Info Finland,presse
The Press Association UK,presse
FFC Information Solution,information
Thai News Service,presse
HT Media,generaliste
Business Wire,relationspubliques
NewsUSA,relationspubliques
Independent News and Media,generaliste
3BL Media,durable
APN New Zealand Ltd,generaliste
Government Executive Media,administration
Johnston Press,generaliste
Benzinga,finance
OMX,finance
Asia Business News,business
Breaking Media,juridique
"National Journal, Inc.",politique
M2 Communications,relationspubliques
Xinhua News Agency,presse
Japan Corporate News,entreprise
Networld Alliance,business
Cision,relationspubliques
Winnipeg Free Press,generaliste
"Associated Press, The",presse
Orbit Financial Tech,finance
GlobeNewswire,relationspubliques
Acquisdata,finance
Datamonitor,business
Baystreet.ca,finance
ARR News Story,presse
Adweek,marketing
BridgeTower Media,business
Agence France Presse,presse
African Press Organization,afrique
Canada Newswire,relationspubliques
ProQuest Information & Learning,information
WPS USA Inc.,analyse
The Logic,business
Access Intelligence,business
ContentEngine,data
Oslo Bors ASA,finance
Australian Associated Press,presse
Black Press Group,generaliste
"Tribune Content Agency, LLC",presse
Schaeffers Investment Research,finance
Reportable,relationspubliques
AB Digital,relationspubliques
Action Economics,economie
SeeNews,business
Boston Globe,generaliste
NTB Norway,presse
Edison Investment Research Limited,finance
ET Net News,finance
iCrowdNewswire,relationspubliques
Moodys,finance
bne IntelliNews,economie
Plus Media Solutions Pakistan,presse
Modular Finance,finance
Sports Business Journal,sport
Actusnews,finance
Alliance News,finance
ACI Information Group,information
Quartz News Magazine,economie
The Washington Post,generaliste
AHC Media,sante
Multimedia Investments Ltd,media
Blockchain Wire,crypto
International Data Group,tech
Southcomm Inc,generaliste
William Reed Business Media,alimentation
Independent Digital News and Media,generaliste
"Canadian Press, The",presse
Roy Morgan International Limited,sondages
Questex,business
TipRanks,finance
ARKA News Agency,presse
Polish Press Agency,presse
Forbes Inc.,business
Zinio,edition
Solo Syndication,presse
United Press International,presse
Penton Business Media,business
Vietnam News Agency,presse
"Federal Information & News Dispatch, Inc.",administration
SyndiGate Media Inc.,distribution
BNK Invest,finance
Content Exchange,distribution
NewsRx.com,presse
News Data,information
Pakistan Press International,presse
New Republic,politique
